"Status","Start Time","Stop Time","Duration in ms","Parent Suite","Suite","Sub Suite","Test Class","Test Method","Name","Description"
"passed","Sun Sep 27 17:20:05 UTC 2026","Sun Sep 27 17:20:25 UTC 2026","19857","","Navigation bar","","I can access the subpages through the navigation bar","","I can access the subpages through the navigation bar","  To see the subpages
  Without logging in
  I can click the navigation bar links"
"broken","Sun Sep 27 17:20:01 UTC 2026","Sun Sep 27 17:20:31 UTC 2026","29142","","Navigation bar","","I can access the subpages through the navigation bar","","I can access the subpages through the navigation bar","  To see the subpages
  Without logging in
  I can click the navigation bar links"
"broken","Sun Sep 27 17:20:01 UTC 2026","Sun Sep 27 17:20:39 UTC 2026","38017","","Navigation bar","","Users can select a plan when signing up","","Users can select a plan when signing up","  To see the subpages
  Without logging in
  I can click the navigation bar links"
"passed","Sun Sep 27 17:20:01 UTC 2026","Sun Sep 27 17:20:31 UTC 2026","29939","","Navigation bar","","Courses are presented correctly to potential customers","","Courses are presented correctly to potential customers","  To see the subpages
  Without logging in
  I can click the navigation bar links"
"passed","Sun Sep 27 17:20:05 UTC 2026","Sun Sep 27 17:20:27 UTC 2026","22501","","Navigation bar","","I can access the subpages through the navigation bar","","I can access the subpages through the navigation bar","  To see the subpages
  Without logging in
  I can click the navigation bar links"
"broken","Sun Sep 27 17:20:01 UTC 2026","Sun Sep 27 17:20:31 UTC 2026","29694","","Navigation bar","","I can access the subpages through the navigation bar","","I can access the subpages through the navigation bar","  To see the subpages
  Without logging in
  I can click the navigation bar links"
"broken","Sun Sep 27 17:20:05 UTC 2026","Sun Sep 27 17:20:31 UTC 2026","25861","","Navigation bar","","I can access the subpages through the navigation bar","","I can access the subpages through the navigation bar","  To see the subpages
  Without logging in
  I can click the navigation bar links"
"passed","Sun Sep 27 17:20:05 UTC 2026","Sun Sep 27 17:20:26 UTC 2026","20851","","Navigation bar","","I can access the subpages through the navigation bar","","I can access the subpages through the navigation bar","  To see the subpages
  Without logging in
  I can click the navigation bar links"
